idx,inf_mu1,sup_mu1,inf_mu2,sup_mu2
1,94.3449426556151,103.876774954917,169.226194981496,180.516513675535
