idx,inf_mu1,sup_mu1,inf_mu2,sup_mu2
1,95.2543409028163,102.967376707716,170.315430820463,179.427277836568
