idx,inf_mu1,sup_mu1,inf_mu2,sup_mu2
1,95.2543287912685,102.967388819264,170.315416348645,179.427292308387
