idx,inf_mu1,sup_mu1,inf_mu2,sup_mu2
1,95.7219576756411,112.16994593281,169.914193925437,189.502740942477
1000,22.9125228212497,43.2825371232804,94.8926260674201,122.824747419574
