i,j,inf_lam2,sup_lam2,inf_lam3,sup_lam3
1,1,24618.5208039712,25660.0049450656,26660.0593228342,27754.1027565176
2,1,24618.5208039712,25660.0049450656,26660.0593228342,27754.1027565176
